"episode","first","references"
"S01E01","Arya",3
"S01E02","Arya",16
"S01E03","Arya",3
"S01E04","Arya",1
"S01E05","Arya",3
"S01E06","Arya",0
"S01E07","Arya",0
"S01E08","Arya",4
"S01E09","Arya",1
"S01E10","Arya",1
"S02E01","Arya",5
"S02E02","Arya",1
"S02E03","Arya",0
"S02E04","Arya",2
"S02E05","Arya",0
"S02E06","Arya",0
"S02E07","Arya",0
"S02E08","Arya",1
"S02E09","Arya",0
"S02E10","Arya",1
"S03E01","Arya",1
"S03E02","Arya",0
"S03E03","Arya",0
"S03E04","Arya",0
"S03E05","Arya",2
"S03E06","Arya",0
"S03E07","Arya",0
"S03E08","Arya",0
"S03E09","Arya",0
"S03E10","Arya",0
"S04E01","Arya",1
"S04E02","Arya",0
"S04E03","Arya",0
"S04E04","Arya",1
"S04E05","Arya",0
"S04E06","Arya",0
"S04E07","Arya",6
"S04E08","Arya",1
"S04E09","Arya",0
"S04E10","Arya",8
"S05E01","Arya",1
"S05E02","Arya",0
"S05E03","Arya",6
"S05E04","Arya",0
"S05E05","Arya",0
"S05E06","Arya",2
"S05E07","Arya",0
"S05E08","Arya",0
"S05E09","Arya",0
"S05E10","Arya",1
"S06E01","Arya",0
"S06E02","Arya",0
"S06E03","Arya",4
"S06E04","Arya",1
"S06E05","Arya",0
"S06E06","Arya",0
"S06E07","Arya",1
"S06E08","Arya",1
"S06E09","Arya",0
"S06E10","Arya",1
"S07E01","Arya",2
"S07E02","Arya",1
"S07E03","Arya",0
"S07E04","Arya",4
"S07E05","Arya",2
"S07E06","Arya",2
"S07E07","Arya",5
"S01E01","Bran",5
"S01E02","Bran",7
"S01E03","Bran",3
"S01E04","Bran",4
"S01E05","Bran",1
"S01E06","Bran",3
"S01E07","Bran",0
"S01E08","Bran",0
"S01E09","Bran",0
"S01E10","Bran",3
"S02E01","Bran",1
"S02E02","Bran",0
"S02E03","Bran",3
"S02E04","Bran",0
"S02E05","Bran",0
"S02E06","Bran",2
"S02E07","Bran",0
"S02E08","Bran",2
"S02E09","Bran",0
"S02E10","Bran",0
"S03E01","Bran",0
"S03E02","Bran",2
"S03E03","Bran",1
"S03E04","Bran",1
"S03E05","Bran",0
"S03E06","Bran",0
"S03E07","Bran",1
"S03E08","Bran",0
"S03E09","Bran",2
"S03E10","Bran",0
"S04E01","Bran",0
"S04E02","Bran",4
"S04E03","Bran",0
"S04E04","Bran",5
"S04E05","Bran",0
"S04E06","Bran",0
"S04E07","Bran",0
"S04E08","Bran",0
"S04E09","Bran",0
"S04E10","Bran",1
"S05E01","Bran",0
"S05E02","Bran",0
"S05E03","Bran",0
"S05E04","Bran",0
"S05E05","Bran",1
"S05E06","Bran",0
"S05E07","Bran",0
"S05E08","Bran",4
"S05E09","Bran",0
"S05E10","Bran",0
"S06E01","Bran",0
"S06E02","Bran",1
"S06E03","Bran",1
"S06E04","Bran",2
"S06E05","Bran",20
"S06E06","Bran",0
"S06E07","Bran",0
"S06E08","Bran",0
"S06E09","Bran",0
"S06E10","Bran",0
"S07E01","Bran",0
"S07E02","Bran",0
"S07E03","Bran",2
"S07E04","Bran",3
"S07E05","Bran",2
"S07E06","Bran",1
"S07E07","Bran",0
"S01E01","Brienne",0
"S01E02","Brienne",0
"S01E03","Brienne",0
"S01E04","Brienne",0
"S01E05","Brienne",0
"S01E06","Brienne",0
"S01E07","Brienne",0
"S01E08","Brienne",0
"S01E09","Brienne",0
"S01E10","Brienne",0
"S02E01","Brienne",0
"S02E02","Brienne",0
"S02E03","Brienne",7
"S02E04","Brienne",1
"S02E05","Brienne",2
"S02E06","Brienne",0
"S02E07","Brienne",1
"S02E08","Brienne",1
"S02E09","Brienne",0
"S02E10","Brienne",1
"S03E01","Brienne",0
"S03E02","Brienne",0
"S03E03","Brienne",2
"S03E04","Brienne",0
"S03E05","Brienne",0
"S03E06","Brienne",0
"S03E07","Brienne",1
"S03E08","Brienne",0
"S03E09","Brienne",0
"S03E10","Brienne",0
"S04E01","Brienne",1
"S04E02","Brienne",3
"S04E03","Brienne",0
"S04E04","Brienne",1
"S04E05","Brienne",0
"S04E06","Brienne",0
"S04E07","Brienne",0
"S04E08","Brienne",0
"S04E09","Brienne",0
"S04E10","Brienne",2
"S05E01","Brienne",0
"S05E02","Brienne",3
"S05E03","Brienne",1
"S05E04","Brienne",0
"S05E05","Brienne",0
"S05E06","Brienne",0
"S05E07","Brienne",0
"S05E08","Brienne",0
"S05E09","Brienne",0
"S05E10","Brienne",2
"S06E01","Brienne",0
"S06E02","Brienne",0
"S06E03","Brienne",0
"S06E04","Brienne",0
"S06E05","Brienne",2
"S06E06","Brienne",0
"S06E07","Brienne",0
"S06E08","Brienne",3
"S06E09","Brienne",0
"S06E10","Brienne",0
"S07E01","Brienne",2
"S07E02","Brienne",0
"S07E03","Brienne",0
"S07E04","Brienne",2
"S07E05","Brienne",0
"S07E06","Brienne",4
"S07E07","Brienne",1
"S01E01","Bronn",0
"S01E02","Bronn",0
"S01E03","Bronn",0
"S01E04","Bronn",0
"S01E05","Bronn",0
"S01E06","Bronn",0
"S01E07","Bronn",0
"S01E08","Bronn",3
"S01E09","Bronn",2
"S01E10","Bronn",0
"S02E01","Bronn",0
"S02E02","Bronn",1
"S02E03","Bronn",0
"S02E04","Bronn",1
"S02E05","Bronn",1
"S02E06","Bronn",0
"S02E07","Bronn",0
"S02E08","Bronn",0
"S02E09","Bronn",0
"S02E10","Bronn",2
"S03E01","Bronn",4
"S03E02","Bronn",0
"S03E03","Bronn",1
"S03E04","Bronn",0
"S03E05","Bronn",0
"S03E06","Bronn",0
"S03E07","Bronn",0
"S03E08","Bronn",0
"S03E09","Bronn",0
"S03E10","Bronn",0
"S04E01","Bronn",0
"S04E02","Bronn",1
"S04E03","Bronn",1
"S04E04","Bronn",0
"S04E05","Bronn",0
"S04E06","Bronn",0
"S04E07","Bronn",2
"S04E08","Bronn",0
"S04E09","Bronn",0
"S04E10","Bronn",0
"S05E01","Bronn",0
"S05E02","Bronn",1
"S05E03","Bronn",0
"S05E04","Bronn",0
"S05E05","Bronn",0
"S05E06","Bronn",0
"S05E07","Bronn",0
"S05E08","Bronn",0
"S05E09","Bronn",3
"S05E10","Bronn",0
"S06E01","Bronn",0
"S06E02","Bronn",0
"S06E03","Bronn",0
"S06E04","Bronn",0
"S06E05","Bronn",0
"S06E06","Bronn",1
"S06E07","Bronn",0
"S06E08","Bronn",0
"S06E09","Bronn",0
"S06E10","Bronn",1
"S07E01","Bronn",0
"S07E02","Bronn",0
"S07E03","Bronn",0
"S07E04","Bronn",6
"S07E05","Bronn",2
"S07E06","Bronn",0
"S07E07","Bronn",4
"S01E01","Catelyn",0
"S01E02","Catelyn",0
"S01E03","Catelyn",2
"S01E04","Catelyn",1
"S01E05","Catelyn",0
"S01E06","Catelyn",1
"S01E07","Catelyn",3
"S01E08","Catelyn",3
"S01E09","Catelyn",0
"S01E10","Catelyn",0
"S02E01","Catelyn",0
"S02E02","Catelyn",0
"S02E03","Catelyn",3
"S02E04","Catelyn",0
"S02E05","Catelyn",1
"S02E06","Catelyn",1
"S02E07","Catelyn",0
"S02E08","Catelyn",0
"S02E09","Catelyn",0
"S02E10","Catelyn",2
"S03E01","Catelyn",0
"S03E02","Catelyn",0
"S03E03","Catelyn",2
"S03E04","Catelyn",1
"S03E05","Catelyn",0
"S03E06","Catelyn",0
"S03E07","Catelyn",1
"S03E08","Catelyn",0
"S03E09","Catelyn",0
"S03E10","Catelyn",0
"S04E01","Catelyn",0
"S04E02","Catelyn",1
"S04E03","Catelyn",0
"S04E04","Catelyn",4
"S04E05","Catelyn",0
"S04E06","Catelyn",0
"S04E07","Catelyn",2
"S04E08","Catelyn",1
"S04E09","Catelyn",0
"S04E10","Catelyn",0
"S05E01","Catelyn",0
"S05E02","Catelyn",1
"S05E03","Catelyn",1
"S05E04","Catelyn",0
"S05E05","Catelyn",1
"S05E06","Catelyn",0
"S05E07","Catelyn",0
"S05E08","Catelyn",0
"S05E09","Catelyn",0
"S05E10","Catelyn",0
"S06E01","Catelyn",0
"S06E02","Catelyn",0
"S06E03","Catelyn",1
"S06E04","Catelyn",0
"S06E05","Catelyn",0
"S06E06","Catelyn",0
"S06E07","Catelyn",0
"S06E08","Catelyn",5
"S06E09","Catelyn",0
"S06E10","Catelyn",1
"S07E01","Catelyn",0
"S07E02","Catelyn",1
"S07E03","Catelyn",0
"S07E04","Catelyn",1
"S07E05","Catelyn",0
"S07E06","Catelyn",2
"S07E07","Catelyn",0
"S01E01","Cersei",0
"S01E02","Cersei",0
"S01E03","Cersei",1
"S01E04","Cersei",0
"S01E05","Cersei",2
"S01E06","Cersei",0
"S01E07","Cersei",2
"S01E08","Cersei",1
"S01E09","Cersei",3
"S01E10","Cersei",0
"S02E01","Cersei",1
"S02E02","Cersei",2
"S02E03","Cersei",1
"S02E04","Cersei",9
"S02E05","Cersei",0
"S02E06","Cersei",0
"S02E07","Cersei",1
"S02E08","Cersei",1
"S02E09","Cersei",0
"S02E10","Cersei",1
"S03E01","Cersei",0
"S03E02","Cersei",0
"S03E03","Cersei",0
"S03E04","Cersei",0
"S03E05","Cersei",1
"S03E06","Cersei",3
"S03E07","Cersei",0
"S03E08","Cersei",1
"S03E09","Cersei",0
"S03E10","Cersei",1
"S04E01","Cersei",0
"S04E02","Cersei",5
"S04E03","Cersei",1
"S04E04","Cersei",4
"S04E05","Cersei",1
"S04E06","Cersei",2
"S04E07","Cersei",4
"S04E08","Cersei",1
"S04E09","Cersei",0
"S04E10","Cersei",0
"S05E01","Cersei",4
"S05E02","Cersei",8
"S05E03","Cersei",3
"S05E04","Cersei",2
"S05E05","Cersei",0
"S05E06","Cersei",3
"S05E07","Cersei",3
"S05E08","Cersei",0
"S05E09","Cersei",0
"S05E10","Cersei",1
"S06E01","Cersei",0
"S06E02","Cersei",1
"S06E03","Cersei",2
"S06E04","Cersei",1
"S06E05","Cersei",1
"S06E06","Cersei",0
"S06E07","Cersei",1
"S06E08","Cersei",5
"S06E09","Cersei",0
"S06E10","Cersei",4
"S07E01","Cersei",4
"S07E02","Cersei",16
"S07E03","Cersei",7
"S07E04","Cersei",4
"S07E05","Cersei",10
"S07E06","Cersei",7
"S07E07","Cersei",13
"S01E01","Daario",0
"S01E02","Daario",0
"S01E03","Daario",0
"S01E04","Daario",0
"S01E05","Daario",0
"S01E06","Daario",0
"S01E07","Daario",0
"S01E08","Daario",0
"S01E09","Daario",0
"S01E10","Daario",0
"S02E01","Daario",0
"S02E02","Daario",0
"S02E03","Daario",0
"S02E04","Daario",0
"S02E05","Daario",0
"S02E06","Daario",0
"S02E07","Daario",0
"S02E08","Daario",0
"S02E09","Daario",0
"S02E10","Daario",0
"S03E01","Daario",0
"S03E02","Daario",0
"S03E03","Daario",0
"S03E04","Daario",0
"S03E05","Daario",0
"S03E06","Daario",0
"S03E07","Daario",0
"S03E08","Daario",4
"S03E09","Daario",2
"S03E10","Daario",0
"S04E01","Daario",2
"S04E02","Daario",0
"S04E03","Daario",0
"S04E04","Daario",0
"S04E05","Daario",0
"S04E06","Daario",0
"S04E07","Daario",4
"S04E08","Daario",0
"S04E09","Daario",0
"S04E10","Daario",0
"S05E01","Daario",0
"S05E02","Daario",0
"S05E03","Daario",0
"S05E04","Daario",0
"S05E05","Daario",1
"S05E06","Daario",0
"S05E07","Daario",0
"S05E08","Daario",0
"S05E09","Daario",0
"S05E10","Daario",0
"S06E01","Daario",0
"S06E02","Daario",0
"S06E03","Daario",0
"S06E04","Daario",0
"S06E05","Daario",0
"S06E06","Daario",0
"S06E07","Daario",0
"S06E08","Daario",0
"S06E09","Daario",0
"S06E10","Daario",1
"S07E01","Daario",0
"S07E02","Daario",0
"S07E03","Daario",0
"S07E04","Daario",0
"S07E05","Daario",0
"S07E06","Daario",2
"S07E07","Daario",0
"S01E01","Daenerys",4
"S01E02","Daenerys",1
"S01E03","Daenerys",0
"S01E04","Daenerys",0
"S01E05","Daenerys",2
"S01E06","Daenerys",1
"S01E07","Daenerys",3
"S01E08","Daenerys",0
"S01E09","Daenerys",0
"S01E10","Daenerys",1
"S02E01","Daenerys",0
"S02E02","Daenerys",0
"S02E03","Daenerys",0
"S02E04","Daenerys",2
"S02E05","Daenerys",1
"S02E06","Daenerys",1
"S02E07","Daenerys",1
"S02E08","Daenerys",1
"S02E09","Daenerys",0
"S02E10","Daenerys",1
"S03E01","Daenerys",1
"S03E02","Daenerys",0
"S03E03","Daenerys",0
"S03E04","Daenerys",1
"S03E05","Daenerys",1
"S03E06","Daenerys",0
"S03E07","Daenerys",1
"S03E08","Daenerys",0
"S03E09","Daenerys",0
"S03E10","Daenerys",1
"S04E01","Daenerys",0
"S04E02","Daenerys",0
"S04E03","Daenerys",1
"S04E04","Daenerys",1
"S04E05","Daenerys",0
"S04E06","Daenerys",3
"S04E07","Daenerys",0
"S04E08","Daenerys",2
"S04E09","Daenerys",0
"S04E10","Daenerys",1
"S05E01","Daenerys",1
"S05E02","Daenerys",1
"S05E03","Daenerys",1
"S05E04","Daenerys",2
"S05E05","Daenerys",2
"S05E06","Daenerys",3
"S05E07","Daenerys",0
"S05E08","Daenerys",0
"S05E09","Daenerys",0
"S05E10","Daenerys",1
"S06E01","Daenerys",2
"S06E02","Daenerys",3
"S06E03","Daenerys",0
"S06E04","Daenerys",1
"S06E05","Daenerys",4
"S06E06","Daenerys",1
"S06E07","Daenerys",0
"S06E08","Daenerys",1
"S06E09","Daenerys",1
"S06E10","Daenerys",1
"S07E01","Daenerys",3
"S07E02","Daenerys",8
"S07E03","Daenerys",9
"S07E04","Daenerys",2
"S07E05","Daenerys",8
"S07E06","Daenerys",4
"S07E07","Daenerys",8
"S01E01","Davos",0
"S01E02","Davos",0
"S01E03","Davos",0
"S01E04","Davos",0
"S01E05","Davos",0
"S01E06","Davos",0
"S01E07","Davos",0
"S01E08","Davos",0
"S01E09","Davos",0
"S01E10","Davos",0
"S02E01","Davos",2
"S02E02","Davos",1
"S02E03","Davos",0
"S02E04","Davos",4
"S02E05","Davos",1
"S02E06","Davos",0
"S02E07","Davos",0
"S02E08","Davos",1
"S02E09","Davos",0
"S02E10","Davos",0
"S03E01","Davos",4
"S03E02","Davos",0
"S03E03","Davos",0
"S03E04","Davos",0
"S03E05","Davos",1
"S03E06","Davos",0
"S03E07","Davos",0
"S03E08","Davos",1
"S03E09","Davos",0
"S03E10","Davos",4
"S04E01","Davos",0
"S04E02","Davos",1
"S04E03","Davos",1
"S04E04","Davos",0
"S04E05","Davos",0
"S04E06","Davos",4
"S04E07","Davos",0
"S04E08","Davos",0
"S04E09","Davos",0
"S04E10","Davos",0
"S05E01","Davos",0
"S05E02","Davos",2
"S05E03","Davos",0
"S05E04","Davos",1
"S05E05","Davos",1
"S05E06","Davos",0
"S05E07","Davos",1
"S05E08","Davos",0
"S05E09","Davos",0
"S05E10","Davos",0
"S06E01","Davos",3
"S06E02","Davos",1
"S06E03","Davos",0
"S06E04","Davos",2
"S06E05","Davos",3
"S06E06","Davos",0
"S06E07","Davos",4
"S06E08","Davos",0
"S06E09","Davos",0
"S06E10","Davos",0
"S07E01","Davos",2
"S07E02","Davos",1
"S07E03","Davos",5
"S07E04","Davos",5
"S07E05","Davos",7
"S07E06","Davos",3
"S07E07","Davos",1
"S01E01","Eddard",3
"S01E02","Eddard",1
"S01E03","Eddard",0
"S01E04","Eddard",1
"S01E05","Eddard",0
"S01E06","Eddard",0
"S01E07","Eddard",3
"S01E08","Eddard",6
"S01E09","Eddard",2
"S01E10","Eddard",1
"S02E01","Eddard",1
"S02E02","Eddard",0
"S02E03","Eddard",1
"S02E04","Eddard",1
"S02E05","Eddard",0
"S02E06","Eddard",0
"S02E07","Eddard",3
"S02E08","Eddard",0
"S02E09","Eddard",0
"S02E10","Eddard",0
"S03E01","Eddard",0
"S03E02","Eddard",0
"S03E03","Eddard",0
"S03E04","Eddard",0
"S03E05","Eddard",0
"S03E06","Eddard",0
"S03E07","Eddard",0
"S03E08","Eddard",0
"S03E09","Eddard",1
"S03E10","Eddard",0
"S04E01","Eddard",0
"S04E02","Eddard",0
"S04E03","Eddard",0
"S04E04","Eddard",0
"S04E05","Eddard",0
"S04E06","Eddard",0
"S04E07","Eddard",0
"S04E08","Eddard",1
"S04E09","Eddard",0
"S04E10","Eddard",0
"S05E01","Eddard",0
"S05E02","Eddard",0
"S05E03","Eddard",0
"S05E04","Eddard",0
"S05E05","Eddard",1
"S05E06","Eddard",1
"S05E07","Eddard",0
"S05E08","Eddard",0
"S05E09","Eddard",0
"S05E10","Eddard",0
"S06E01","Eddard",0
"S06E02","Eddard",0
"S06E03","Eddard",1
"S06E04","Eddard",0
"S06E05","Eddard",0
"S06E06","Eddard",0
"S06E07","Eddard",0
"S06E08","Eddard",0
"S06E09","Eddard",0
"S06E10","Eddard",0
"S07E01","Eddard",0
"S07E02","Eddard",0
"S07E03","Eddard",0
"S07E04","Eddard",0
"S07E05","Eddard",0
"S07E06","Eddard",0
"S07E07","Eddard",0
"S01E01","Ellaria",0
"S01E02","Ellaria",0
"S01E03","Ellaria",0
"S01E04","Ellaria",0
"S01E05","Ellaria",0
"S01E06","Ellaria",0
"S01E07","Ellaria",0
"S01E08","Ellaria",0
"S01E09","Ellaria",0
"S01E10","Ellaria",0
"S02E01","Ellaria",0
"S02E02","Ellaria",0
"S02E03","Ellaria",0
"S02E04","Ellaria",0
"S02E05","Ellaria",0
"S02E06","Ellaria",0
"S02E07","Ellaria",0
"S02E08","Ellaria",0
"S02E09","Ellaria",0
"S02E10","Ellaria",0
"S03E01","Ellaria",0
"S03E02","Ellaria",0
"S03E03","Ellaria",0
"S03E04","Ellaria",0
"S03E05","Ellaria",0
"S03E06","Ellaria",0
"S03E07","Ellaria",0
"S03E08","Ellaria",0
"S03E09","Ellaria",0
"S03E10","Ellaria",0
"S04E01","Ellaria",1
"S04E02","Ellaria",2
"S04E03","Ellaria",0
"S04E04","Ellaria",0
"S04E05","Ellaria",0
"S04E06","Ellaria",1
"S04E07","Ellaria",0
"S04E08","Ellaria",0
"S04E09","Ellaria",0
"S04E10","Ellaria",0
"S05E01","Ellaria",0
"S05E02","Ellaria",0
"S05E03","Ellaria",0
"S05E04","Ellaria",0
"S05E05","Ellaria",0
"S05E06","Ellaria",0
"S05E07","Ellaria",0
"S05E08","Ellaria",0
"S05E09","Ellaria",0
"S05E10","Ellaria",0
"S06E01","Ellaria",0
"S06E02","Ellaria",0
"S06E03","Ellaria",0
"S06E04","Ellaria",0
"S06E05","Ellaria",0
"S06E06","Ellaria",0
"S06E07","Ellaria",0
"S06E08","Ellaria",0
"S06E09","Ellaria",0
"S06E10","Ellaria",0
"S07E01","Ellaria",1
"S07E02","Ellaria",0
"S07E03","Ellaria",2
"S07E04","Ellaria",0
"S07E05","Ellaria",0
"S07E06","Ellaria",0
"S07E07","Ellaria",0
"S01E01","Gendry",0
"S01E02","Gendry",0
"S01E03","Gendry",0
"S01E04","Gendry",1
"S01E05","Gendry",0
"S01E06","Gendry",0
"S01E07","Gendry",0
"S01E08","Gendry",0
"S01E09","Gendry",0
"S01E10","Gendry",0
"S02E01","Gendry",2
"S02E02","Gendry",4
"S02E03","Gendry",2
"S02E04","Gendry",0
"S02E05","Gendry",0
"S02E06","Gendry",0
"S02E07","Gendry",0
"S02E08","Gendry",0
"S02E09","Gendry",0
"S02E10","Gendry",0
"S03E01","Gendry",0
"S03E02","Gendry",2
"S03E03","Gendry",0
"S03E04","Gendry",0
"S03E05","Gendry",0
"S03E06","Gendry",0
"S03E07","Gendry",1
"S03E08","Gendry",0
"S03E09","Gendry",0
"S03E10","Gendry",1
"S04E01","Gendry",0
"S04E02","Gendry",0
"S04E03","Gendry",0
"S04E04","Gendry",0
"S04E05","Gendry",0
"S04E06","Gendry",0
"S04E07","Gendry",0
"S04E08","Gendry",0
"S04E09","Gendry",0
"S04E10","Gendry",0
"S05E01","Gendry",0
"S05E02","Gendry",0
"S05E03","Gendry",0
"S05E04","Gendry",0
"S05E05","Gendry",0
"S05E06","Gendry",0
"S05E07","Gendry",0
"S05E08","Gendry",0
"S05E09","Gendry",0
"S05E10","Gendry",0
"S06E01","Gendry",0
"S06E02","Gendry",0
"S06E03","Gendry",0
"S06E04","Gendry",0
"S06E05","Gendry",0
"S06E06","Gendry",0
"S06E07","Gendry",0
"S06E08","Gendry",0
"S06E09","Gendry",0
"S06E10","Gendry",0
"S07E01","Gendry",0
"S07E02","Gendry",0
"S07E03","Gendry",0
"S07E04","Gendry",0
"S07E05","Gendry",3
"S07E06","Gendry",1
"S07E07","Gendry",0
"S01E01","Gilly",0
"S01E02","Gilly",0
"S01E03","Gilly",0
"S01E04","Gilly",0
"S01E05","Gilly",0
"S01E06","Gilly",0
"S01E07","Gilly",0
"S01E08","Gilly",0
"S01E09","Gilly",0
"S01E10","Gilly",0
"S02E01","Gilly",0
"S02E02","Gilly",2
"S02E03","Gilly",1
"S02E04","Gilly",0
"S02E05","Gilly",1
"S02E06","Gilly",0
"S02E07","Gilly",0
"S02E08","Gilly",0
"S02E09","Gilly",0
"S02E10","Gilly",2
"S03E01","Gilly",0
"S03E02","Gilly",0
"S03E03","Gilly",0
"S03E04","Gilly",1
"S03E05","Gilly",0
"S03E06","Gilly",0
"S03E07","Gilly",0
"S03E08","Gilly",0
"S03E09","Gilly",0
"S03E10","Gilly",3
"S04E01","Gilly",0
"S04E02","Gilly",0
"S04E03","Gilly",2
"S04E04","Gilly",1
"S04E05","Gilly",0
"S04E06","Gilly",0
"S04E07","Gilly",0
"S04E08","Gilly",0
"S04E09","Gilly",3
"S04E10","Gilly",0
"S05E01","Gilly",0
"S05E02","Gilly",3
"S05E03","Gilly",0
"S05E04","Gilly",0
"S05E05","Gilly",1
"S05E06","Gilly",0
"S05E07","Gilly",1
"S05E08","Gilly",0
"S05E09","Gilly",0
"S05E10","Gilly",2
"S06E01","Gilly",0
"S06E02","Gilly",0
"S06E03","Gilly",0
"S06E04","Gilly",0
"S06E05","Gilly",0
"S06E06","Gilly",4
"S06E07","Gilly",0
"S06E08","Gilly",0
"S06E09","Gilly",0
"S06E10","Gilly",0
"S07E01","Gilly",2
"S07E02","Gilly",1
"S07E03","Gilly",0
"S07E04","Gilly",0
"S07E05","Gilly",1
"S07E06","Gilly",0
"S07E07","Gilly",0
"S01E01","Grey",0
"S01E02","Grey",0
"S01E03","Grey",0
"S01E04","Grey",0
"S01E05","Grey",0
"S01E06","Grey",0
"S01E07","Grey",1
"S01E08","Grey",0
"S01E09","Grey",0
"S01E10","Grey",0
"S02E01","Grey",0
"S02E02","Grey",0
"S02E03","Grey",0
"S02E04","Grey",0
"S02E05","Grey",0
"S02E06","Grey",0
"S02E07","Grey",0
"S02E08","Grey",0
"S02E09","Grey",0
"S02E10","Grey",0
"S03E01","Grey",0
"S03E02","Grey",0
"S03E03","Grey",0
"S03E04","Grey",0
"S03E05","Grey",6
"S03E06","Grey",0
"S03E07","Grey",1
"S03E08","Grey",0
"S03E09","Grey",1
"S03E10","Grey",0
"S04E01","Grey",1
"S04E02","Grey",0
"S04E03","Grey",1
"S04E04","Grey",2
"S04E05","Grey",0
"S04E06","Grey",0
"S04E07","Grey",0
"S04E08","Grey",2
"S04E09","Grey",0
"S04E10","Grey",0
"S05E01","Grey",0
"S05E02","Grey",0
"S05E03","Grey",0
"S05E04","Grey",0
"S05E05","Grey",0
"S05E06","Grey",0
"S05E07","Grey",0
"S05E08","Grey",0
"S05E09","Grey",0
"S05E10","Grey",1
"S06E01","Grey",0
"S06E02","Grey",0
"S06E03","Grey",0
"S06E04","Grey",1
"S06E05","Grey",0
"S06E06","Grey",0
"S06E07","Grey",0
"S06E08","Grey",1
"S06E09","Grey",0
"S06E10","Grey",0
"S07E01","Grey",0
"S07E02","Grey",3
"S07E03","Grey",1
"S07E04","Grey",1
"S07E05","Grey",1
"S07E06","Grey",0
"S07E07","Grey",0
"S01E01","Jaime",1
"S01E02","Jaime",0
"S01E03","Jaime",2
"S01E04","Jaime",0
"S01E05","Jaime",2
"S01E06","Jaime",8
"S01E07","Jaime",5
"S01E08","Jaime",7
"S01E09","Jaime",5
"S01E10","Jaime",2
"S02E01","Jaime",9
"S02E02","Jaime",2
"S02E03","Jaime",1
"S02E04","Jaime",3
"S02E05","Jaime",1
"S02E06","Jaime",3
"S02E07","Jaime",4
"S02E08","Jaime",4
"S02E09","Jaime",2
"S02E10","Jaime",1
"S03E01","Jaime",3
"S03E02","Jaime",0
"S03E03","Jaime",4
"S03E04","Jaime",2
"S03E05","Jaime",3
"S03E06","Jaime",5
"S03E07","Jaime",1
"S03E08","Jaime",0
"S03E09","Jaime",0
"S03E10","Jaime",0
"S04E01","Jaime",1
"S04E02","Jaime",1
"S04E03","Jaime",4
"S04E04","Jaime",1
"S04E05","Jaime",1
"S04E06","Jaime",1
"S04E07","Jaime",0
"S04E08","Jaime",0
"S04E09","Jaime",0
"S04E10","Jaime",6
"S05E01","Jaime",1
"S05E02","Jaime",2
"S05E03","Jaime",1
"S05E04","Jaime",3
"S05E05","Jaime",0
"S05E06","Jaime",5
"S05E07","Jaime",0
"S05E08","Jaime",1
"S05E09","Jaime",1
"S05E10","Jaime",0
"S06E01","Jaime",0
"S06E02","Jaime",1
"S06E03","Jaime",0
"S06E04","Jaime",0
"S06E05","Jaime",0
"S06E06","Jaime",1
"S06E07","Jaime",2
"S06E08","Jaime",5
"S06E09","Jaime",2
"S06E10","Jaime",0
"S07E01","Jaime",1
"S07E02","Jaime",3
"S07E03","Jaime",1
"S07E04","Jaime",6
"S07E05","Jaime",3
"S07E06","Jaime",1
"S07E07","Jaime",5
"S01E01","Jaqen",0
"S01E02","Jaqen",0
"S01E03","Jaqen",0
"S01E04","Jaqen",0
"S01E05","Jaqen",0
"S01E06","Jaqen",0
"S01E07","Jaqen",0
"S01E08","Jaqen",0
"S01E09","Jaqen",0
"S01E10","Jaqen",0
"S02E01","Jaqen",0
"S02E02","Jaqen",1
"S02E03","Jaqen",0
"S02E04","Jaqen",0
"S02E05","Jaqen",0
"S02E06","Jaqen",0
"S02E07","Jaqen",0
"S02E08","Jaqen",4
"S02E09","Jaqen",0
"S02E10","Jaqen",2
"S03E01","Jaqen",0
"S03E02","Jaqen",2
"S03E03","Jaqen",0
"S03E04","Jaqen",0
"S03E05","Jaqen",0
"S03E06","Jaqen",0
"S03E07","Jaqen",0
"S03E08","Jaqen",0
"S03E09","Jaqen",0
"S03E10","Jaqen",0
"S04E01","Jaqen",0
"S04E02","Jaqen",0
"S04E03","Jaqen",0
"S04E04","Jaqen",0
"S04E05","Jaqen",0
"S04E06","Jaqen",0
"S04E07","Jaqen",0
"S04E08","Jaqen",0
"S04E09","Jaqen",0
"S04E10","Jaqen",0
"S05E01","Jaqen",0
"S05E02","Jaqen",3
"S05E03","Jaqen",0
"S05E04","Jaqen",0
"S05E05","Jaqen",0
"S05E06","Jaqen",0
"S05E07","Jaqen",0
"S05E08","Jaqen",0
"S05E09","Jaqen",0
"S05E10","Jaqen",0
"S06E01","Jaqen",0
"S06E02","Jaqen",0
"S06E03","Jaqen",0
"S06E04","Jaqen",0
"S06E05","Jaqen",0
"S06E06","Jaqen",0
"S06E07","Jaqen",0
"S06E08","Jaqen",0
"S06E09","Jaqen",0
"S06E10","Jaqen",0
"S07E01","Jaqen",0
"S07E02","Jaqen",0
"S07E03","Jaqen",0
"S07E04","Jaqen",0
"S07E05","Jaqen",0
"S07E06","Jaqen",0
"S07E07","Jaqen",0
"S01E01","Jeor",0
"S01E02","Jeor",0
"S01E03","Jeor",0
"S01E04","Jeor",0
"S01E05","Jeor",0
"S01E06","Jeor",0
"S01E07","Jeor",0
"S01E08","Jeor",0
"S01E09","Jeor",0
"S01E10","Jeor",0
"S02E01","Jeor",0
"S02E02","Jeor",0
"S02E03","Jeor",0
"S02E04","Jeor",0
"S02E05","Jeor",0
"S02E06","Jeor",0
"S02E07","Jeor",0
"S02E08","Jeor",0
"S02E09","Jeor",0
"S02E10","Jeor",0
"S03E01","Jeor",0
"S03E02","Jeor",0
"S03E03","Jeor",0
"S03E04","Jeor",0
"S03E05","Jeor",0
"S03E06","Jeor",0
"S03E07","Jeor",0
"S03E08","Jeor",0
"S03E09","Jeor",0
"S03E10","Jeor",0
"S04E01","Jeor",0
"S04E02","Jeor",0
"S04E03","Jeor",0
"S04E04","Jeor",1
"S04E05","Jeor",0
"S04E06","Jeor",0
"S04E07","Jeor",0
"S04E08","Jeor",0
"S04E09","Jeor",0
"S04E10","Jeor",0
"S05E01","Jeor",0
"S05E02","Jeor",0
"S05E03","Jeor",0
"S05E04","Jeor",0
"S05E05","Jeor",0
"S05E06","Jeor",0
"S05E07","Jeor",0
"S05E08","Jeor",0
"S05E09","Jeor",0
"S05E10","Jeor",0
"S06E01","Jeor",0
"S06E02","Jeor",0
"S06E03","Jeor",0
"S06E04","Jeor",0
"S06E05","Jeor",0
"S06E06","Jeor",0
"S06E07","Jeor",1
"S06E08","Jeor",0
"S06E09","Jeor",0
"S06E10","Jeor",1
"S07E01","Jeor",0
"S07E02","Jeor",1
"S07E03","Jeor",0
"S07E04","Jeor",0
"S07E05","Jeor",0
"S07E06","Jeor",1
"S07E07","Jeor",0
"S01E01","Joffrey",1
"S01E02","Joffrey",2
"S01E03","Joffrey",4
"S01E04","Joffrey",2
"S01E05","Joffrey",1
"S01E06","Joffrey",3
"S01E07","Joffrey",9
"S01E08","Joffrey",10
"S01E09","Joffrey",4
"S01E10","Joffrey",4
"S02E01","Joffrey",10
"S02E02","Joffrey",5
"S02E03","Joffrey",6
"S02E04","Joffrey",11
"S02E05","Joffrey",1
"S02E06","Joffrey",1
"S02E07","Joffrey",6
"S02E08","Joffrey",5
"S02E09","Joffrey",9
"S02E10","Joffrey",3
"S03E01","Joffrey",4
"S03E02","Joffrey",5
"S03E03","Joffrey",1
"S03E04","Joffrey",12
"S03E05","Joffrey",4
"S03E06","Joffrey",6
"S03E07","Joffrey",1
"S03E08","Joffrey",4
"S03E09","Joffrey",0
"S03E10","Joffrey",6
"S04E01","Joffrey",6
"S04E02","Joffrey",9
"S04E03","Joffrey",7
"S04E04","Joffrey",9
"S04E05","Joffrey",5
"S04E06","Joffrey",14
"S04E07","Joffrey",1
"S04E08","Joffrey",3
"S04E09","Joffrey",0
"S04E10","Joffrey",2
"S05E01","Joffrey",0
"S05E02","Joffrey",1
"S05E03","Joffrey",0
"S05E04","Joffrey",0
"S05E05","Joffrey",0
"S05E06","Joffrey",2
"S05E07","Joffrey",1
"S05E08","Joffrey",0
"S05E09","Joffrey",0
"S05E10","Joffrey",0
"S06E01","Joffrey",0
"S06E02","Joffrey",0
"S06E03","Joffrey",0
"S06E04","Joffrey",0
"S06E05","Joffrey",1
"S06E06","Joffrey",1
"S06E07","Joffrey",0
"S06E08","Joffrey",1
"S06E09","Joffrey",0
"S06E10","Joffrey",0
"S07E01","Joffrey",3
"S07E02","Joffrey",0
"S07E03","Joffrey",0
"S07E04","Joffrey",1
"S07E05","Joffrey",2
"S07E06","Joffrey",6
"S07E07","Joffrey",2
"S01E01","Jon",7
"S01E02","Jon",1
"S01E03","Jon",2
"S01E04","Jon",9
"S01E05","Jon",9
"S01E06","Jon",1
"S01E07","Jon",4
"S01E08","Jon",3
"S01E09","Jon",0
"S01E10","Jon",0
"S02E01","Jon",2
"S02E02","Jon",0
"S02E03","Jon",1
"S02E04","Jon",0
"S02E05","Jon",1
"S02E06","Jon",3
"S02E07","Jon",2
"S02E08","Jon",4
"S02E09","Jon",0
"S02E10","Jon",4
"S03E01","Jon",4
"S03E02","Jon",1
"S03E03","Jon",0
"S03E04","Jon",0
"S03E05","Jon",2
"S03E06","Jon",5
"S03E07","Jon",5
"S03E08","Jon",1
"S03E09","Jon",1
"S03E10","Jon",8
"S04E01","Jon",1
"S04E02","Jon",2
"S04E03","Jon",0
"S04E04","Jon",4
"S04E05","Jon",6
"S04E06","Jon",0
"S04E07","Jon",1
"S04E08","Jon",2
"S04E09","Jon",8
"S04E10","Jon",6
"S05E01","Jon",2
"S05E02","Jon",11
"S05E03","Jon",1
"S05E04","Jon",1
"S05E05","Jon",3
"S05E06","Jon",0
"S05E07","Jon",2
"S05E08","Jon",5
"S05E09","Jon",2
"S05E10","Jon",0
"S06E01","Jon",6
"S06E02","Jon",4
"S06E03","Jon",5
"S06E04","Jon",3
"S06E05","Jon",8
"S06E06","Jon",2
"S06E07","Jon",2
"S06E08","Jon",0
"S06E09","Jon",4
"S06E10","Jon",7
"S07E01","Jon",5
"S07E02","Jon",11
"S07E03","Jon",12
"S07E04","Jon",10
"S07E05","Jon",9
"S07E06","Jon",17
"S07E07","Jon",10
"S01E01","Jorah",3
"S01E02","Jorah",0
"S01E03","Jorah",1
"S01E04","Jorah",1
"S01E05","Jorah",2
"S01E06","Jorah",0
"S01E07","Jorah",2
"S01E08","Jorah",1
"S01E09","Jorah",1
"S01E10","Jorah",2
"S02E01","Jorah",0
"S02E02","Jorah",0
"S02E03","Jorah",0
"S02E04","Jorah",0
"S02E05","Jorah",1
"S02E06","Jorah",0
"S02E07","Jorah",3
"S02E08","Jorah",0
"S02E09","Jorah",0
"S02E10","Jorah",0
"S03E01","Jorah",0
"S03E02","Jorah",0
"S03E03","Jorah",0
"S03E04","Jorah",0
"S03E05","Jorah",0
"S03E06","Jorah",0
"S03E07","Jorah",0
"S03E08","Jorah",0
"S03E09","Jorah",1
"S03E10","Jorah",0
"S04E01","Jorah",1
"S04E02","Jorah",0
"S04E03","Jorah",0
"S04E04","Jorah",1
"S04E05","Jorah",1
"S04E06","Jorah",1
"S04E07","Jorah",1
"S04E08","Jorah",2
"S04E09","Jorah",0
"S04E10","Jorah",0
"S05E01","Jorah",0
"S05E02","Jorah",0
"S05E03","Jorah",0
"S05E04","Jorah",1
"S05E05","Jorah",0
"S05E06","Jorah",0
"S05E07","Jorah",0
"S05E08","Jorah",4
"S05E09","Jorah",0
"S05E10","Jorah",4
"S06E01","Jorah",0
"S06E02","Jorah",0
"S06E03","Jorah",0
"S06E04","Jorah",1
"S06E05","Jorah",1
"S06E06","Jorah",0
"S06E07","Jorah",0
"S06E08","Jorah",0
"S06E09","Jorah",0
"S06E10","Jorah",0
"S07E01","Jorah",1
"S07E02","Jorah",6
"S07E03","Jorah",1
"S07E04","Jorah",0
"S07E05","Jorah",4
"S07E06","Jorah",3
"S07E07","Jorah",0
"S01E01","Khal",7
"S01E02","Khal",3
"S01E03","Khal",3
"S01E04","Khal",3
"S01E05","Khal",1
"S01E06","Khal",3
"S01E07","Khal",1
"S01E08","Khal",6
"S01E09","Khal",8
"S01E10","Khal",4
"S02E01","Khal",0
"S02E02","Khal",2
"S02E03","Khal",0
"S02E04","Khal",0
"S02E05","Khal",1
"S02E06","Khal",1
"S02E07","Khal",1
"S02E08","Khal",0
"S02E09","Khal",0
"S02E10","Khal",0
"S03E01","Khal",0
"S03E02","Khal",0
"S03E03","Khal",0
"S03E04","Khal",0
"S03E05","Khal",0
"S03E06","Khal",0
"S03E07","Khal",0
"S03E08","Khal",0
"S03E09","Khal",0
"S03E10","Khal",0
"S04E01","Khal",0
"S04E02","Khal",0
"S04E03","Khal",0
"S04E04","Khal",0
"S04E05","Khal",0
"S04E06","Khal",0
"S04E07","Khal",0
"S04E08","Khal",1
"S04E09","Khal",0
"S04E10","Khal",0
"S05E01","Khal",0
"S05E02","Khal",0
"S05E03","Khal",0
"S05E04","Khal",0
"S05E05","Khal",0
"S05E06","Khal",1
"S05E07","Khal",1
"S05E08","Khal",0
"S05E09","Khal",0
"S05E10","Khal",0
"S06E01","Khal",0
"S06E02","Khal",0
"S06E03","Khal",0
"S06E04","Khal",1
"S06E05","Khal",0
"S06E06","Khal",0
"S06E07","Khal",0
"S06E08","Khal",0
"S06E09","Khal",0
"S06E10","Khal",0
"S07E01","Khal",0
"S07E02","Khal",1
"S07E03","Khal",0
"S07E04","Khal",0
"S07E05","Khal",0
"S07E06","Khal",0
"S07E07","Khal",0
"S01E01","Margaery",0
"S01E02","Margaery",0
"S01E03","Margaery",0
"S01E04","Margaery",0
"S01E05","Margaery",0
"S01E06","Margaery",0
"S01E07","Margaery",0
"S01E08","Margaery",0
"S01E09","Margaery",0
"S01E10","Margaery",0
"S02E01","Margaery",0
"S02E02","Margaery",0
"S02E03","Margaery",2
"S02E04","Margaery",0
"S02E05","Margaery",0
"S02E06","Margaery",1
"S02E07","Margaery",0
"S02E08","Margaery",0
"S02E09","Margaery",0
"S02E10","Margaery",4
"S03E01","Margaery",3
"S03E02","Margaery",5
"S03E03","Margaery",0
"S03E04","Margaery",9
"S03E05","Margaery",1
"S03E06","Margaery",2
"S03E07","Margaery",0
"S03E08","Margaery",0
"S03E09","Margaery",0
"S03E10","Margaery",0
"S04E01","Margaery",3
"S04E02","Margaery",3
"S04E03","Margaery",0
"S04E04","Margaery",0
"S04E05","Margaery",1
"S04E06","Margaery",0
"S04E07","Margaery",0
"S04E08","Margaery",0
"S04E09","Margaery",0
"S04E10","Margaery",2
"S05E01","Margaery",0
"S05E02","Margaery",0
"S05E03","Margaery",7
"S05E04","Margaery",1
"S05E05","Margaery",0
"S05E06","Margaery",4
"S05E07","Margaery",1
"S05E08","Margaery",1
"S05E09","Margaery",0
"S05E10","Margaery",0
"S06E01","Margaery",0
"S06E02","Margaery",2
"S06E03","Margaery",1
"S06E04","Margaery",9
"S06E05","Margaery",0
"S06E06","Margaery",7
"S06E07","Margaery",0
"S06E08","Margaery",0
"S06E09","Margaery",0
"S06E10","Margaery",0
"S07E01","Margaery",0
"S07E02","Margaery",0
"S07E03","Margaery",0
"S07E04","Margaery",0
"S07E05","Margaery",1
"S07E06","Margaery",0
"S07E07","Margaery",0
"S01E01","Melisandre",0
"S01E02","Melisandre",0
"S01E03","Melisandre",0
"S01E04","Melisandre",0
"S01E05","Melisandre",0
"S01E06","Melisandre",0
"S01E07","Melisandre",0
"S01E08","Melisandre",0
"S01E09","Melisandre",0
"S01E10","Melisandre",0
"S02E01","Melisandre",0
"S02E02","Melisandre",0
"S02E03","Melisandre",0
"S02E04","Melisandre",0
"S02E05","Melisandre",2
"S02E06","Melisandre",0
"S02E07","Melisandre",0
"S02E08","Melisandre",0
"S02E09","Melisandre",0
"S02E10","Melisandre",0
"S03E01","Melisandre",0
"S03E02","Melisandre",0
"S03E03","Melisandre",0
"S03E04","Melisandre",0
"S03E05","Melisandre",4
"S03E06","Melisandre",0
"S03E07","Melisandre",0
"S03E08","Melisandre",2
"S03E09","Melisandre",0
"S03E10","Melisandre",0
"S04E01","Melisandre",0
"S04E02","Melisandre",1
"S04E03","Melisandre",0
"S04E04","Melisandre",0
"S04E05","Melisandre",0
"S04E06","Melisandre",0
"S04E07","Melisandre",0
"S04E08","Melisandre",0
"S04E09","Melisandre",0
"S04E10","Melisandre",0
"S05E01","Melisandre",0
"S05E02","Melisandre",0
"S05E03","Melisandre",0
"S05E04","Melisandre",0
"S05E05","Melisandre",1
"S05E06","Melisandre",0
"S05E07","Melisandre",0
"S05E08","Melisandre",0
"S05E09","Melisandre",0
"S05E10","Melisandre",1
"S06E01","Melisandre",0
"S06E02","Melisandre",0
"S06E03","Melisandre",0
"S06E04","Melisandre",0
"S06E05","Melisandre",0
"S06E06","Melisandre",0
"S06E07","Melisandre",0
"S06E08","Melisandre",0
"S06E09","Melisandre",0
"S06E10","Melisandre",0
"S07E01","Melisandre",0
"S07E02","Melisandre",0
"S07E03","Melisandre",1
"S07E04","Melisandre",0
"S07E05","Melisandre",0
"S07E06","Melisandre",0
"S07E07","Melisandre",0
"S01E01","Missandei",0
"S01E02","Missandei",0
"S01E03","Missandei",0
"S01E04","Missandei",0
"S01E05","Missandei",0
"S01E06","Missandei",0
"S01E07","Missandei",0
"S01E08","Missandei",0
"S01E09","Missandei",0
"S01E10","Missandei",0
"S02E01","Missandei",0
"S02E02","Missandei",0
"S02E03","Missandei",0
"S02E04","Missandei",0
"S02E05","Missandei",0
"S02E06","Missandei",0
"S02E07","Missandei",0
"S02E08","Missandei",0
"S02E09","Missandei",0
"S02E10","Missandei",0
"S03E01","Missandei",0
"S03E02","Missandei",0
"S03E03","Missandei",1
"S03E04","Missandei",0
"S03E05","Missandei",0
"S03E06","Missandei",0
"S03E07","Missandei",0
"S03E08","Missandei",0
"S03E09","Missandei",0
"S03E10","Missandei",0
"S04E01","Missandei",0
"S04E02","Missandei",0
"S04E03","Missandei",0
"S04E04","Missandei",1
"S04E05","Missandei",0
"S04E06","Missandei",0
"S04E07","Missandei",0
"S04E08","Missandei",2
"S04E09","Missandei",0
"S04E10","Missandei",0
"S05E01","Missandei",1
"S05E02","Missandei",0
"S05E03","Missandei",0
"S05E04","Missandei",0
"S05E05","Missandei",1
"S05E06","Missandei",0
"S05E07","Missandei",0
"S05E08","Missandei",0
"S05E09","Missandei",0
"S05E10","Missandei",2
"S06E01","Missandei",0
"S06E02","Missandei",1
"S06E03","Missandei",0
"S06E04","Missandei",0
"S06E05","Missandei",0
"S06E06","Missandei",0
"S06E07","Missandei",0
"S06E08","Missandei",2
"S06E09","Missandei",0
"S06E10","Missandei",0
"S07E01","Missandei",0
"S07E02","Missandei",3
"S07E03","Missandei",2
"S07E04","Missandei",1
"S07E05","Missandei",0
"S07E06","Missandei",0
"S07E07","Missandei",1
"S01E01","Petyr",0
"S01E02","Petyr",0
"S01E03","Petyr",1
"S01E04","Petyr",0
"S01E05","Petyr",0
"S01E06","Petyr",0
"S01E07","Petyr",0
"S01E08","Petyr",0
"S01E09","Petyr",0
"S01E10","Petyr",0
"S02E01","Petyr",1
"S02E02","Petyr",0
"S02E03","Petyr",0
"S02E04","Petyr",0
"S02E05","Petyr",0
"S02E06","Petyr",1
"S02E07","Petyr",0
"S02E08","Petyr",0
"S02E09","Petyr",0
"S02E10","Petyr",1
"S03E01","Petyr",0
"S03E02","Petyr",0
"S03E03","Petyr",0
"S03E04","Petyr",0
"S03E05","Petyr",3
"S03E06","Petyr",0
"S03E07","Petyr",0
"S03E08","Petyr",0
"S03E09","Petyr",0
"S03E10","Petyr",0
"S04E01","Petyr",0
"S04E02","Petyr",0
"S04E03","Petyr",1
"S04E04","Petyr",0
"S04E05","Petyr",9
"S04E06","Petyr",0
"S04E07","Petyr",3
"S04E08","Petyr",1
"S04E09","Petyr",0
"S04E10","Petyr",0
"S05E01","Petyr",0
"S05E02","Petyr",1
"S05E03","Petyr",1
"S05E04","Petyr",1
"S05E05","Petyr",0
"S05E06","Petyr",0
"S05E07","Petyr",0
"S05E08","Petyr",0
"S05E09","Petyr",0
"S05E10","Petyr",0
"S06E01","Petyr",0
"S06E02","Petyr",0
"S06E03","Petyr",0
"S06E04","Petyr",2
"S06E05","Petyr",0
"S06E06","Petyr",0
"S06E07","Petyr",0
"S06E08","Petyr",0
"S06E09","Petyr",0
"S06E10","Petyr",0
"S07E01","Petyr",0
"S07E02","Petyr",0
"S07E03","Petyr",0
"S07E04","Petyr",0
"S07E05","Petyr",0
"S07E06","Petyr",0
"S07E07","Petyr",0
"S01E01","Ramsay",0
"S01E02","Ramsay",0
"S01E03","Ramsay",0
"S01E04","Ramsay",0
"S01E05","Ramsay",0
"S01E06","Ramsay",0
"S01E07","Ramsay",0
"S01E08","Ramsay",0
"S01E09","Ramsay",0
"S01E10","Ramsay",0
"S02E01","Ramsay",0
"S02E02","Ramsay",0
"S02E03","Ramsay",0
"S02E04","Ramsay",0
"S02E05","Ramsay",0
"S02E06","Ramsay",0
"S02E07","Ramsay",0
"S02E08","Ramsay",0
"S02E09","Ramsay",0
"S02E10","Ramsay",0
"S03E01","Ramsay",0
"S03E02","Ramsay",0
"S03E03","Ramsay",0
"S03E04","Ramsay",0
"S03E05","Ramsay",0
"S03E06","Ramsay",0
"S03E07","Ramsay",0
"S03E08","Ramsay",0
"S03E09","Ramsay",0
"S03E10","Ramsay",5
"S04E01","Ramsay",0
"S04E02","Ramsay",1
"S04E03","Ramsay",0
"S04E04","Ramsay",0
"S04E05","Ramsay",0
"S04E06","Ramsay",1
"S04E07","Ramsay",0
"S04E08","Ramsay",3
"S04E09","Ramsay",0
"S04E10","Ramsay",0
"S05E01","Ramsay",0
"S05E02","Ramsay",0
"S05E03","Ramsay",3
"S05E04","Ramsay",1
"S05E05","Ramsay",1
"S05E06","Ramsay",7
"S05E07","Ramsay",0
"S05E08","Ramsay",1
"S05E09","Ramsay",0
"S05E10","Ramsay",2
"S06E01","Ramsay",1
"S06E02","Ramsay",7
"S06E03","Ramsay",0
"S06E04","Ramsay",3
"S06E05","Ramsay",7
"S06E06","Ramsay",0
"S06E07","Ramsay",1
"S06E08","Ramsay",0
"S06E09","Ramsay",5
"S06E10","Ramsay",1
"S07E01","Ramsay",3
"S07E02","Ramsay",0
"S07E03","Ramsay",0
"S07E04","Ramsay",0
"S07E05","Ramsay",0
"S07E06","Ramsay",0
"S07E07","Ramsay",1
"S01E01","Robb",2
"S01E02","Robb",0
"S01E03","Robb",0
"S01E04","Robb",2
"S01E05","Robb",0
"S01E06","Robb",3
"S01E07","Robb",0
"S01E08","Robb",8
"S01E09","Robb",4
"S01E10","Robb",5
"S02E01","Robb",8
"S02E02","Robb",2
"S02E03","Robb",5
"S02E04","Robb",3
"S02E05","Robb",5
"S02E06","Robb",6
"S02E07","Robb",2
"S02E08","Robb",5
"S02E09","Robb",1
"S02E10","Robb",0
"S03E01","Robb",0
"S03E02","Robb",0
"S03E03","Robb",6
"S03E04","Robb",2
"S03E05","Robb",1
"S03E06","Robb",5
"S03E07","Robb",1
"S03E08","Robb",1
"S03E09","Robb",4
"S03E10","Robb",7
"S04E01","Robb",2
"S04E02","Robb",3
"S04E03","Robb",0
"S04E04","Robb",1
"S04E05","Robb",0
"S04E06","Robb",1
"S04E07","Robb",0
"S04E08","Robb",1
"S04E09","Robb",0
"S04E10","Robb",0
"S05E01","Robb",1
"S05E02","Robb",0
"S05E03","Robb",1
"S05E04","Robb",0
"S05E05","Robb",0
"S05E06","Robb",0
"S05E07","Robb",1
"S05E08","Robb",1
"S05E09","Robb",0
"S05E10","Robb",0
"S06E01","Robb",0
"S06E02","Robb",2
"S06E03","Robb",3
"S06E04","Robb",0
"S06E05","Robb",0
"S06E06","Robb",1
"S06E07","Robb",4
"S06E08","Robb",1
"S06E09","Robb",0
"S06E10","Robb",2
"S07E01","Robb",1
"S07E02","Robb",0
"S07E03","Robb",0
"S07E04","Robb",0
"S07E05","Robb",0
"S07E06","Robb",2
"S07E07","Robb",0
"S01E01","Robert",3
"S01E02","Robert",4
"S01E03","Robert",3
"S01E04","Robert",3
"S01E05","Robert",13
"S01E06","Robert",5
"S01E07","Robert",12
"S01E08","Robert",5
"S01E09","Robert",2
"S01E10","Robert",8
"S02E01","Robert",3
"S02E02","Robert",2
"S02E03","Robert",3
"S02E04","Robert",0
"S02E05","Robert",2
"S02E06","Robert",0
"S02E07","Robert",4
"S02E08","Robert",4
"S02E09","Robert",1
"S02E10","Robert",0
"S03E01","Robert",2
"S03E02","Robert",1
"S03E03","Robert",0
"S03E04","Robert",3
"S03E05","Robert",6
"S03E06","Robert",1
"S03E07","Robert",1
"S03E08","Robert",3
"S03E09","Robert",0
"S03E10","Robert",0
"S04E01","Robert",0
"S04E02","Robert",1
"S04E03","Robert",1
"S04E04","Robert",1
"S04E05","Robert",2
"S04E06","Robert",0
"S04E07","Robert",0
"S04E08","Robert",3
"S04E09","Robert",0
"S04E10","Robert",0
"S05E01","Robert",1
"S05E02","Robert",1
"S05E03","Robert",0
"S05E04","Robert",2
"S05E05","Robert",1
"S05E06","Robert",1
"S05E07","Robert",2
"S05E08","Robert",2
"S05E09","Robert",0
"S05E10","Robert",2
"S06E01","Robert",0
"S06E02","Robert",0
"S06E03","Robert",1
"S06E04","Robert",0
"S06E05","Robert",0
"S06E06","Robert",0
"S06E07","Robert",0
"S06E08","Robert",0
"S06E09","Robert",0
"S06E10","Robert",1
"S07E01","Robert",1
"S07E02","Robert",8
"S07E03","Robert",2
"S07E04","Robert",0
"S07E05","Robert",1
"S07E06","Robert",2
"S07E07","Robert",0
"S01E01","Roose",0
"S01E02","Roose",0
"S01E03","Roose",0
"S01E04","Roose",0
"S01E05","Roose",0
"S01E06","Roose",0
"S01E07","Roose",0
"S01E08","Roose",0
"S01E09","Roose",0
"S01E10","Roose",0
"S02E01","Roose",0
"S02E02","Roose",0
"S02E03","Roose",0
"S02E04","Roose",0
"S02E05","Roose",0
"S02E06","Roose",0
"S02E07","Roose",0
"S02E08","Roose",0
"S02E09","Roose",0
"S02E10","Roose",0
"S03E01","Roose",0
"S03E02","Roose",0
"S03E03","Roose",1
"S03E04","Roose",0
"S03E05","Roose",0
"S03E06","Roose",0
"S03E07","Roose",0
"S03E08","Roose",0
"S03E09","Roose",1
"S03E10","Roose",2
"S04E01","Roose",0
"S04E02","Roose",0
"S04E03","Roose",0
"S04E04","Roose",0
"S04E05","Roose",0
"S04E06","Roose",1
"S04E07","Roose",0
"S04E08","Roose",1
"S04E09","Roose",0
"S04E10","Roose",0
"S05E01","Roose",2
"S05E02","Roose",0
"S05E03","Roose",2
"S05E04","Roose",1
"S05E05","Roose",0
"S05E06","Roose",4
"S05E07","Roose",0
"S05E08","Roose",0
"S05E09","Roose",0
"S05E10","Roose",0
"S06E01","Roose",0
"S06E02","Roose",1
"S06E03","Roose",0
"S06E04","Roose",1
"S06E05","Roose",1
"S06E06","Roose",0
"S06E07","Roose",1
"S06E08","Roose",0
"S06E09","Roose",0
"S06E10","Roose",0
"S07E01","Roose",0
"S07E02","Roose",0
"S07E03","Roose",0
"S07E04","Roose",0
"S07E05","Roose",0
"S07E06","Roose",0
"S07E07","Roose",0
"S01E01","Samwell",0
"S01E02","Samwell",0
"S01E03","Samwell",0
"S01E04","Samwell",1
"S01E05","Samwell",0
"S01E06","Samwell",0
"S01E07","Samwell",2
"S01E08","Samwell",0
"S01E09","Samwell",0
"S01E10","Samwell",1
"S02E01","Samwell",0
"S02E02","Samwell",0
"S02E03","Samwell",0
"S02E04","Samwell",0
"S02E05","Samwell",0
"S02E06","Samwell",0
"S02E07","Samwell",0
"S02E08","Samwell",0
"S02E09","Samwell",0
"S02E10","Samwell",0
"S03E01","Samwell",0
"S03E02","Samwell",0
"S03E03","Samwell",0
"S03E04","Samwell",0
"S03E05","Samwell",0
"S03E06","Samwell",0
"S03E07","Samwell",0
"S03E08","Samwell",3
"S03E09","Samwell",0
"S03E10","Samwell",1
"S04E01","Samwell",0
"S04E02","Samwell",0
"S04E03","Samwell",0
"S04E04","Samwell",0
"S04E05","Samwell",0
"S04E06","Samwell",0
"S04E07","Samwell",0
"S04E08","Samwell",0
"S04E09","Samwell",2
"S04E10","Samwell",0
"S05E01","Samwell",0
"S05E02","Samwell",1
"S05E03","Samwell",0
"S05E04","Samwell",0
"S05E05","Samwell",2
"S05E06","Samwell",0
"S05E07","Samwell",0
"S05E08","Samwell",0
"S05E09","Samwell",0
"S05E10","Samwell",0
"S06E01","Samwell",0
"S06E02","Samwell",0
"S06E03","Samwell",0
"S06E04","Samwell",0
"S06E05","Samwell",0
"S06E06","Samwell",2
"S06E07","Samwell",0
"S06E08","Samwell",0
"S06E09","Samwell",0
"S06E10","Samwell",0
"S07E01","Samwell",3
"S07E02","Samwell",4
"S07E03","Samwell",0
"S07E04","Samwell",0
"S07E05","Samwell",0
"S07E06","Samwell",0
"S07E07","Samwell",0
"S01E01","Sandor",0
"S01E02","Sandor",0
"S01E03","Sandor",0
"S01E04","Sandor",0
"S01E05","Sandor",0
"S01E06","Sandor",0
"S01E07","Sandor",0
"S01E08","Sandor",0
"S01E09","Sandor",0
"S01E10","Sandor",0
"S02E01","Sandor",0
"S02E02","Sandor",0
"S02E03","Sandor",0
"S02E04","Sandor",0
"S02E05","Sandor",0
"S02E06","Sandor",0
"S02E07","Sandor",0
"S02E08","Sandor",0
"S02E09","Sandor",0
"S02E10","Sandor",0
"S03E01","Sandor",0
"S03E02","Sandor",0
"S03E03","Sandor",0
"S03E04","Sandor",0
"S03E05","Sandor",1
"S03E06","Sandor",0
"S03E07","Sandor",0
"S03E08","Sandor",0
"S03E09","Sandor",0
"S03E10","Sandor",0
"S04E01","Sandor",0
"S04E02","Sandor",0
"S04E03","Sandor",0
"S04E04","Sandor",0
"S04E05","Sandor",0
"S04E06","Sandor",1
"S04E07","Sandor",0
"S04E08","Sandor",1
"S04E09","Sandor",0
"S04E10","Sandor",1
"S05E01","Sandor",0
"S05E02","Sandor",0
"S05E03","Sandor",0
"S05E04","Sandor",0
"S05E05","Sandor",0
"S05E06","Sandor",1
"S05E07","Sandor",0
"S05E08","Sandor",0
"S05E09","Sandor",0
"S05E10","Sandor",0
"S06E01","Sandor",0
"S06E02","Sandor",0
"S06E03","Sandor",0
"S06E04","Sandor",0
"S06E05","Sandor",0
"S06E06","Sandor",0
"S06E07","Sandor",1
"S06E08","Sandor",0
"S06E09","Sandor",0
"S06E10","Sandor",0
"S07E01","Sandor",0
"S07E02","Sandor",0
"S07E03","Sandor",0
"S07E04","Sandor",0
"S07E05","Sandor",0
"S07E06","Sandor",0
"S07E07","Sandor",0
"S01E01","Sansa",2
"S01E02","Sansa",2
"S01E03","Sansa",4
"S01E04","Sansa",4
"S01E05","Sansa",0
"S01E06","Sansa",1
"S01E07","Sansa",0
"S01E08","Sansa",6
"S01E09","Sansa",3
"S01E10","Sansa",1
"S02E01","Sansa",2
"S02E02","Sansa",0
"S02E03","Sansa",4
"S02E04","Sansa",1
"S02E05","Sansa",0
"S02E06","Sansa",1
"S02E07","Sansa",0
"S02E08","Sansa",1
"S02E09","Sansa",7
"S02E10","Sansa",1
"S03E01","Sansa",1
"S03E02","Sansa",10
"S03E03","Sansa",0
"S03E04","Sansa",5
"S03E05","Sansa",4
"S03E06","Sansa",4
"S03E07","Sansa",2
"S03E08","Sansa",2
"S03E09","Sansa",0
"S03E10","Sansa",7
"S04E01","Sansa",3
"S04E02","Sansa",3
"S04E03","Sansa",3
"S04E04","Sansa",5
"S04E05","Sansa",6
"S04E06","Sansa",7
"S04E07","Sansa",6
"S04E08","Sansa",4
"S04E09","Sansa",0
"S04E10","Sansa",0
"S05E01","Sansa",2
"S05E02","Sansa",6
"S05E03","Sansa",6
"S05E04","Sansa",0
"S05E05","Sansa",6
"S05E06","Sansa",7
"S05E07","Sansa",0
"S05E08","Sansa",0
"S05E09","Sansa",0
"S05E10","Sansa",0
"S06E01","Sansa",7
"S06E02","Sansa",1
"S06E03","Sansa",1
"S06E04","Sansa",4
"S06E05","Sansa",5
"S06E06","Sansa",0
"S06E07","Sansa",2
"S06E08","Sansa",9
"S06E09","Sansa",2
"S06E10","Sansa",0
"S07E01","Sansa",3
"S07E02","Sansa",3
"S07E03","Sansa",3
"S07E04","Sansa",5
"S07E05","Sansa",1
"S07E06","Sansa",2
"S07E07","Sansa",7
"S01E01","Shae",0
"S01E02","Shae",0
"S01E03","Shae",0
"S01E04","Shae",0
"S01E05","Shae",0
"S01E06","Shae",0
"S01E07","Shae",0
"S01E08","Shae",0
"S01E09","Shae",1
"S01E10","Shae",2
"S02E01","Shae",0
"S02E02","Shae",0
"S02E03","Shae",1
"S02E04","Shae",0
"S02E05","Shae",0
"S02E06","Shae",0
"S02E07","Shae",0
"S02E08","Shae",1
"S02E09","Shae",4
"S02E10","Shae",0
"S03E01","Shae",0
"S03E02","Shae",1
"S03E03","Shae",0
"S03E04","Shae",0
"S03E05","Shae",0
"S03E06","Shae",1
"S03E07","Shae",4
"S03E08","Shae",0
"S03E09","Shae",0
"S03E10","Shae",0
"S04E01","Shae",1
"S04E02","Shae",2
"S04E03","Shae",1
"S04E04","Shae",0
"S04E05","Shae",0
"S04E06","Shae",2
"S04E07","Shae",0
"S04E08","Shae",0
"S04E09","Shae",0
"S04E10","Shae",1
"S05E01","Shae",0
"S05E02","Shae",0
"S05E03","Shae",0
"S05E04","Shae",0
"S05E05","Shae",0
"S05E06","Shae",0
"S05E07","Shae",0
"S05E08","Shae",0
"S05E09","Shae",0
"S05E10","Shae",0
"S06E01","Shae",0
"S06E02","Shae",0
"S06E03","Shae",0
"S06E04","Shae",0
"S06E05","Shae",0
"S06E06","Shae",0
"S06E07","Shae",0
"S06E08","Shae",0
"S06E09","Shae",0
"S06E10","Shae",0
"S07E01","Shae",0
"S07E02","Shae",0
"S07E03","Shae",0
"S07E04","Shae",0
"S07E05","Shae",0
"S07E06","Shae",0
"S07E07","Shae",0
"S01E01","Stannis",0
"S01E02","Stannis",0
"S01E03","Stannis",0
"S01E04","Stannis",0
"S01E05","Stannis",3
"S01E06","Stannis",0
"S01E07","Stannis",10
"S01E08","Stannis",1
"S01E09","Stannis",2
"S01E10","Stannis",5
"S02E01","Stannis",6
"S02E02","Stannis",10
"S02E03","Stannis",0
"S02E04","Stannis",1
"S02E05","Stannis",20
"S02E06","Stannis",2
"S02E07","Stannis",1
"S02E08","Stannis",12
"S02E09","Stannis",17
"S02E10","Stannis",1
"S03E01","Stannis",7
"S03E02","Stannis",1
"S03E03","Stannis",0
"S03E04","Stannis",2
"S03E05","Stannis",2
"S03E06","Stannis",1
"S03E07","Stannis",0
"S03E08","Stannis",0
"S03E09","Stannis",0
"S03E10","Stannis",3
"S04E01","Stannis",5
"S04E02","Stannis",3
"S04E03","Stannis",1
"S04E04","Stannis",0
"S04E05","Stannis",0
"S04E06","Stannis",6
"S04E07","Stannis",2
"S04E08","Stannis",0
"S04E09","Stannis",0
"S04E10","Stannis",2
"S05E01","Stannis",4
"S05E02","Stannis",2
"S05E03","Stannis",3
"S05E04","Stannis",6
"S05E05","Stannis",2
"S05E06","Stannis",3
"S05E07","Stannis",1
"S05E08","Stannis",5
"S05E09","Stannis",0
"S05E10","Stannis",7
"S06E01","Stannis",1
"S06E02","Stannis",0
"S06E03","Stannis",1
"S06E04","Stannis",5
"S06E05","Stannis",4
"S06E06","Stannis",0
"S06E07","Stannis",5
"S06E08","Stannis",0
"S06E09","Stannis",5
"S06E10","Stannis",1
"S07E01","Stannis",2
"S07E02","Stannis",2
"S07E03","Stannis",0
"S07E04","Stannis",0
"S07E05","Stannis",0
"S07E06","Stannis",0
"S07E07","Stannis",0
"S01E01","Talisa",0
"S01E02","Talisa",0
"S01E03","Talisa",0
"S01E04","Talisa",0
"S01E05","Talisa",0
"S01E06","Talisa",0
"S01E07","Talisa",0
"S01E08","Talisa",0
"S01E09","Talisa",0
"S01E10","Talisa",0
"S02E01","Talisa",0
"S02E02","Talisa",0
"S02E03","Talisa",0
"S02E04","Talisa",1
"S02E05","Talisa",0
"S02E06","Talisa",4
"S02E07","Talisa",0
"S02E08","Talisa",0
"S02E09","Talisa",0
"S02E10","Talisa",0
"S03E01","Talisa",0
"S03E02","Talisa",0
"S03E03","Talisa",0
"S03E04","Talisa",0
"S03E05","Talisa",0
"S03E06","Talisa",0
"S03E07","Talisa",0
"S03E08","Talisa",0
"S03E09","Talisa",0
"S03E10","Talisa",0
"S04E01","Talisa",0
"S04E02","Talisa",0
"S04E03","Talisa",0
"S04E04","Talisa",0
"S04E05","Talisa",0
"S04E06","Talisa",0
"S04E07","Talisa",0
"S04E08","Talisa",0
"S04E09","Talisa",0
"S04E10","Talisa",0
"S05E01","Talisa",0
"S05E02","Talisa",0
"S05E03","Talisa",0
"S05E04","Talisa",0
"S05E05","Talisa",0
"S05E06","Talisa",0
"S05E07","Talisa",0
"S05E08","Talisa",0
"S05E09","Talisa",0
"S05E10","Talisa",0
"S06E01","Talisa",0
"S06E02","Talisa",0
"S06E03","Talisa",0
"S06E04","Talisa",0
"S06E05","Talisa",0
"S06E06","Talisa",0
"S06E07","Talisa",0
"S06E08","Talisa",0
"S06E09","Talisa",0
"S06E10","Talisa",0
"S07E01","Talisa",0
"S07E02","Talisa",0
"S07E03","Talisa",0
"S07E04","Talisa",0
"S07E05","Talisa",0
"S07E06","Talisa",0
"S07E07","Talisa",0
"S01E01","Theon",0
"S01E02","Theon",0
"S01E03","Theon",0
"S01E04","Theon",1
"S01E05","Theon",0
"S01E06","Theon",0
"S01E07","Theon",1
"S01E08","Theon",1
"S01E09","Theon",0
"S01E10","Theon",0
"S02E01","Theon",0
"S02E02","Theon",0
"S02E03","Theon",6
"S02E04","Theon",0
"S02E05","Theon",0
"S02E06","Theon",18
"S02E07","Theon",4
"S02E08","Theon",4
"S02E09","Theon",0
"S02E10","Theon",2
"S03E01","Theon",0
"S03E02","Theon",2
"S03E03","Theon",0
"S03E04","Theon",0
"S03E05","Theon",1
"S03E06","Theon",1
"S03E07","Theon",0
"S03E08","Theon",0
"S03E09","Theon",1
"S03E10","Theon",8
"S04E01","Theon",0
"S04E02","Theon",3
"S04E03","Theon",0
"S04E04","Theon",0
"S04E05","Theon",0
"S04E06","Theon",9
"S04E07","Theon",0
"S04E08","Theon",3
"S04E09","Theon",0
"S04E10","Theon",0
"S05E01","Theon",0
"S05E02","Theon",0
"S05E03","Theon",0
"S05E04","Theon",0
"S05E05","Theon",2
"S05E06","Theon",1
"S05E07","Theon",7
"S05E08","Theon",8
"S05E09","Theon",0
"S05E10","Theon",0
"S06E01","Theon",0
"S06E02","Theon",1
"S06E03","Theon",0
"S06E04","Theon",2
"S06E05","Theon",2
"S06E06","Theon",0
"S06E07","Theon",3
"S06E08","Theon",0
"S06E09","Theon",0
"S06E10","Theon",0
"S07E01","Theon",1
"S07E02","Theon",0
"S07E03","Theon",1
"S07E04","Theon",1
"S07E05","Theon",0
"S07E06","Theon",0
"S07E07","Theon",3
"S01E01","Tommen",0
"S01E02","Tommen",0
"S01E03","Tommen",0
"S01E04","Tommen",0
"S01E05","Tommen",1
"S01E06","Tommen",0
"S01E07","Tommen",1
"S01E08","Tommen",0
"S01E09","Tommen",0
"S01E10","Tommen",0
"S02E01","Tommen",2
"S02E02","Tommen",0
"S02E03","Tommen",0
"S02E04","Tommen",0
"S02E05","Tommen",0
"S02E06","Tommen",0
"S02E07","Tommen",1
"S02E08","Tommen",0
"S02E09","Tommen",0
"S02E10","Tommen",0
"S03E01","Tommen",0
"S03E02","Tommen",0
"S03E03","Tommen",0
"S03E04","Tommen",0
"S03E05","Tommen",0
"S03E06","Tommen",0
"S03E07","Tommen",0
"S03E08","Tommen",0
"S03E09","Tommen",0
"S03E10","Tommen",0
"S04E01","Tommen",1
"S04E02","Tommen",0
"S04E03","Tommen",1
"S04E04","Tommen",4
"S04E05","Tommen",4
"S04E06","Tommen",2
"S04E07","Tommen",0
"S04E08","Tommen",1
"S04E09","Tommen",0
"S04E10","Tommen",3
"S05E01","Tommen",1
"S05E02","Tommen",0
"S05E03","Tommen",4
"S05E04","Tommen",0
"S05E05","Tommen",0
"S05E06","Tommen",6
"S05E07","Tommen",2
"S05E08","Tommen",0
"S05E09","Tommen",2
"S05E10","Tommen",1
"S06E01","Tommen",0
"S06E02","Tommen",1
"S06E03","Tommen",0
"S06E04","Tommen",1
"S06E05","Tommen",0
"S06E06","Tommen",2
"S06E07","Tommen",1
"S06E08","Tommen",0
"S06E09","Tommen",0
"S06E10","Tommen",1
"S07E01","Tommen",1
"S07E02","Tommen",0
"S07E03","Tommen",0
"S07E04","Tommen",0
"S07E05","Tommen",1
"S07E06","Tommen",0
"S07E07","Tommen",1
"S01E01","Tormund",0
"S01E02","Tormund",0
"S01E03","Tormund",0
"S01E04","Tormund",0
"S01E05","Tormund",0
"S01E06","Tormund",0
"S01E07","Tormund",0
"S01E08","Tormund",0
"S01E09","Tormund",0
"S01E10","Tormund",0
"S02E01","Tormund",0
"S02E02","Tormund",0
"S02E03","Tormund",0
"S02E04","Tormund",0
"S02E05","Tormund",0
"S02E06","Tormund",0
"S02E07","Tormund",0
"S02E08","Tormund",0
"S02E09","Tormund",0
"S02E10","Tormund",0
"S03E01","Tormund",1
"S03E02","Tormund",0
"S03E03","Tormund",1
"S03E04","Tormund",0
"S03E05","Tormund",1
"S03E06","Tormund",1
"S03E07","Tormund",0
"S03E08","Tormund",0
"S03E09","Tormund",0
"S03E10","Tormund",0
"S04E01","Tormund",2
"S04E02","Tormund",0
"S04E03","Tormund",0
"S04E04","Tormund",0
"S04E05","Tormund",0
"S04E06","Tormund",0
"S04E07","Tormund",0
"S04E08","Tormund",0
"S04E09","Tormund",1
"S04E10","Tormund",1
"S05E01","Tormund",0
"S05E02","Tormund",0
"S05E03","Tormund",1
"S05E04","Tormund",0
"S05E05","Tormund",0
"S05E06","Tormund",0
"S05E07","Tormund",0
"S05E08","Tormund",7
"S05E09","Tormund",0
"S05E10","Tormund",0
"S06E01","Tormund",0
"S06E02","Tormund",0
"S06E03","Tormund",0
"S06E04","Tormund",0
"S06E05","Tormund",1
"S06E06","Tormund",0
"S06E07","Tormund",0
"S06E08","Tormund",0
"S06E09","Tormund",1
"S06E10","Tormund",0
"S07E01","Tormund",0
"S07E02","Tormund",0
"S07E03","Tormund",0
"S07E04","Tormund",0
"S07E05","Tormund",3
"S07E06","Tormund",5
"S07E07","Tormund",0
"S01E01","Tyrion",3
"S01E02","Tyrion",0
"S01E03","Tyrion",3
"S01E04","Tyrion",0
"S01E05","Tyrion",2
"S01E06","Tyrion",3
"S01E07","Tyrion",1
"S01E08","Tyrion",7
"S01E09","Tyrion",0
"S01E10","Tyrion",0
"S02E01","Tyrion",1
"S02E02","Tyrion",1
"S02E03","Tyrion",0
"S02E04","Tyrion",1
"S02E05","Tyrion",1
"S02E06","Tyrion",1
"S02E07","Tyrion",0
"S02E08","Tyrion",0
"S02E09","Tyrion",1
"S02E10","Tyrion",0
"S03E01","Tyrion",3
"S03E02","Tyrion",0
"S03E03","Tyrion",0
"S03E04","Tyrion",4
"S03E05","Tyrion",0
"S03E06","Tyrion",2
"S03E07","Tyrion",2
"S03E08","Tyrion",4
"S03E09","Tyrion",0
"S03E10","Tyrion",2
"S04E01","Tyrion",3
"S04E02","Tyrion",1
"S04E03","Tyrion",4
"S04E04","Tyrion",2
"S04E05","Tyrion",11
"S04E06","Tyrion",13
"S04E07","Tyrion",1
"S04E08","Tyrion",2
"S04E09","Tyrion",0
"S04E10","Tyrion",4
"S05E01","Tyrion",1
"S05E02","Tyrion",0
"S05E03","Tyrion",4
"S05E04","Tyrion",0
"S05E05","Tyrion",4
"S05E06","Tyrion",2
"S05E07","Tyrion",1
"S05E08","Tyrion",1
"S05E09","Tyrion",0
"S05E10","Tyrion",0
"S06E01","Tyrion",0
"S06E02","Tyrion",0
"S06E03","Tyrion",0
"S06E04","Tyrion",0
"S06E05","Tyrion",1
"S06E06","Tyrion",0
"S06E07","Tyrion",0
"S06E08","Tyrion",0
"S06E09","Tyrion",1
"S06E10","Tyrion",1
"S07E01","Tyrion",2
"S07E02","Tyrion",9
"S07E03","Tyrion",8
"S07E04","Tyrion",2
"S07E05","Tyrion",7
"S07E06","Tyrion",2
"S07E07","Tyrion",6
"S01E01","Tywin",0
"S01E02","Tywin",0
"S01E03","Tywin",2
"S01E04","Tywin",0
"S01E05","Tywin",0
"S01E06","Tywin",5
"S01E07","Tywin",0
"S01E08","Tywin",11
"S01E09","Tywin",2
"S01E10","Tywin",0
"S02E01","Tywin",0
"S02E02","Tywin",0
"S02E03","Tywin",2
"S02E04","Tywin",3
"S02E05","Tywin",1
"S02E06","Tywin",4
"S02E07","Tywin",0
"S02E08","Tywin",3
"S02E09","Tywin",0
"S02E10","Tywin",3
"S03E01","Tywin",1
"S03E02","Tywin",1
"S03E03","Tywin",4
"S03E04","Tywin",0
"S03E05","Tywin",4
"S03E06","Tywin",2
"S03E07","Tywin",2
"S03E08","Tywin",0
"S03E09","Tywin",2
"S03E10","Tywin",2
"S04E01","Tywin",1
"S04E02","Tywin",5
"S04E03","Tywin",3
"S04E04","Tywin",0
"S04E05","Tywin",1
"S04E06","Tywin",6
"S04E07","Tywin",1
"S04E08","Tywin",3
"S04E09","Tywin",0
"S04E10","Tywin",4
"S05E01","Tywin",4
"S05E02","Tywin",0
"S05E03","Tywin",5
"S05E04","Tywin",0
"S05E05","Tywin",0
"S05E06","Tywin",0
"S05E07","Tywin",0
"S05E08","Tywin",1
"S05E09","Tywin",0
"S05E10","Tywin",0
"S06E01","Tywin",0
"S06E02","Tywin",0
"S06E03","Tywin",0
"S06E04","Tywin",0
"S06E05","Tywin",1
"S06E06","Tywin",1
"S06E07","Tywin",0
"S06E08","Tywin",1
"S06E09","Tywin",0
"S06E10","Tywin",0
"S07E01","Tywin",0
"S07E02","Tywin",0
"S07E03","Tywin",0
"S07E04","Tywin",0
"S07E05","Tywin",0
"S07E06","Tywin",0
"S07E07","Tywin",0
"S01E01","Varys",0
"S01E02","Varys",0
"S01E03","Varys",2
"S01E04","Varys",3
"S01E05","Varys",2
"S01E06","Varys",0
"S01E07","Varys",1
"S01E08","Varys",2
"S01E09","Varys",0
"S01E10","Varys",1
"S02E01","Varys",1
"S02E02","Varys",2
"S02E03","Varys",3
"S02E04","Varys",0
"S02E05","Varys",1
"S02E06","Varys",0
"S02E07","Varys",0
"S02E08","Varys",3
"S02E09","Varys",1
"S02E10","Varys",2
"S03E01","Varys",0
"S03E02","Varys",0
"S03E03","Varys",0
"S03E04","Varys",2
"S03E05","Varys",1
"S03E06","Varys",0
"S03E07","Varys",0
"S03E08","Varys",0
"S03E09","Varys",0
"S03E10","Varys",3
"S04E01","Varys",0
"S04E02","Varys",2
"S04E03","Varys",1
"S04E04","Varys",0
"S04E05","Varys",0
"S04E06","Varys",5
"S04E07","Varys",0
"S04E08","Varys",1
"S04E09","Varys",0
"S04E10","Varys",3
"S05E01","Varys",1
"S05E02","Varys",0
"S05E03","Varys",0
"S05E04","Varys",2
"S05E05","Varys",0
"S05E06","Varys",0
"S05E07","Varys",0
"S05E08","Varys",4
"S05E09","Varys",0
"S05E10","Varys",0
"S06E01","Varys",0
"S06E02","Varys",0
"S06E03","Varys",3
"S06E04","Varys",0
"S06E05","Varys",1
"S06E06","Varys",0
"S06E07","Varys",0
"S06E08","Varys",1
"S06E09","Varys",0
"S06E10","Varys",0
"S07E01","Varys",0
"S07E02","Varys",6
"S07E03","Varys",0
"S07E04","Varys",0
"S07E05","Varys",0
"S07E06","Varys",1
"S07E07","Varys",0
"S01E01","Viserys",1
"S01E02","Viserys",0
"S01E03","Viserys",0
"S01E04","Viserys",1
"S01E05","Viserys",3
"S01E06","Viserys",1
"S01E07","Viserys",0
"S01E08","Viserys",0
"S01E09","Viserys",0
"S01E10","Viserys",0
"S02E01","Viserys",0
"S02E02","Viserys",0
"S02E03","Viserys",0
"S02E04","Viserys",0
"S02E05","Viserys",0
"S02E06","Viserys",0
"S02E07","Viserys",0
"S02E08","Viserys",0
"S02E09","Viserys",0
"S02E10","Viserys",0
"S03E01","Viserys",0
"S03E02","Viserys",0
"S03E03","Viserys",0
"S03E04","Viserys",0
"S03E05","Viserys",0
"S03E06","Viserys",0
"S03E07","Viserys",0
"S03E08","Viserys",0
"S03E09","Viserys",0
"S03E10","Viserys",0
"S04E01","Viserys",0
"S04E02","Viserys",0
"S04E03","Viserys",0
"S04E04","Viserys",0
"S04E05","Viserys",0
"S04E06","Viserys",0
"S04E07","Viserys",0
"S04E08","Viserys",1
"S04E09","Viserys",0
"S04E10","Viserys",0
"S05E01","Viserys",0
"S05E02","Viserys",0
"S05E03","Viserys",0
"S05E04","Viserys",1
"S05E05","Viserys",0
"S05E06","Viserys",0
"S05E07","Viserys",0
"S05E08","Viserys",0
"S05E09","Viserys",0
"S05E10","Viserys",0
"S06E01","Viserys",0
"S06E02","Viserys",0
"S06E03","Viserys",0
"S06E04","Viserys",0
"S06E05","Viserys",0
"S06E06","Viserys",0
"S06E07","Viserys",0
"S06E08","Viserys",0
"S06E09","Viserys",0
"S06E10","Viserys",0
"S07E01","Viserys",0
"S07E02","Viserys",2
"S07E03","Viserys",1
"S07E04","Viserys",0
"S07E05","Viserys",0
"S07E06","Viserys",0
"S07E07","Viserys",0
"S01E01","Ygritte",0
"S01E02","Ygritte",0
"S01E03","Ygritte",0
"S01E04","Ygritte",0
"S01E05","Ygritte",0
"S01E06","Ygritte",0
"S01E07","Ygritte",0
"S01E08","Ygritte",0
"S01E09","Ygritte",0
"S01E10","Ygritte",0
"S02E01","Ygritte",0
"S02E02","Ygritte",0
"S02E03","Ygritte",0
"S02E04","Ygritte",0
"S02E05","Ygritte",0
"S02E06","Ygritte",2
"S02E07","Ygritte",0
"S02E08","Ygritte",0
"S02E09","Ygritte",0
"S02E10","Ygritte",0
"S03E01","Ygritte",0
"S03E02","Ygritte",0
"S03E03","Ygritte",0
"S03E04","Ygritte",0
"S03E05","Ygritte",5
"S03E06","Ygritte",0
"S03E07","Ygritte",1
"S03E08","Ygritte",0
"S03E09","Ygritte",1
"S03E10","Ygritte",1
"S04E01","Ygritte",0
"S04E02","Ygritte",0
"S04E03","Ygritte",0
"S04E04","Ygritte",0
"S04E05","Ygritte",0
"S04E06","Ygritte",0
"S04E07","Ygritte",0
"S04E08","Ygritte",0
"S04E09","Ygritte",0
"S04E10","Ygritte",2
"S05E01","Ygritte",0
"S05E02","Ygritte",0
"S05E03","Ygritte",0
"S05E04","Ygritte",0
"S05E05","Ygritte",0
"S05E06","Ygritte",0
"S05E07","Ygritte",0
"S05E08","Ygritte",0
"S05E09","Ygritte",0
"S05E10","Ygritte",0
"S06E01","Ygritte",0
"S06E02","Ygritte",0
"S06E03","Ygritte",0
"S06E04","Ygritte",0
"S06E05","Ygritte",0
"S06E06","Ygritte",0
"S06E07","Ygritte",0
"S06E08","Ygritte",0
"S06E09","Ygritte",0
"S06E10","Ygritte",0
"S07E01","Ygritte",0
"S07E02","Ygritte",0
"S07E03","Ygritte",0
"S07E04","Ygritte",0
"S07E05","Ygritte",0
"S07E06","Ygritte",0
"S07E07","Ygritte",0
